1010,609674,Chicago Vocational HS,Chicago Vocational Career Academy High School,Chicago Vocational Career Acad HS,150162990250526,53011,0,3,2,,1
1030,609676,Dunbar HS,Paul Laurence Dunbar Career Academy High School,Dunbar Vocational Career Acad HS,150162990250531,53021,0,3,2,,1
1045,610499,Collins HS,Collins Academy High School,Collins Academy High School,150162990250841,49131,0,3,2,,1
1055,610513,Air Force HS,Air Force Academy High School,Air Force Acad High School,150162990250848,45231,0,3,2,,1
1060,609678,Jones HS,William Jones College Preparatory High School,Jones College Prep High School,150162990250533,47021,0,3,2,,1
1065,610501,Austin Poly HS,Austin Polytechnical Academy High School,Austin Polytechnical Academy HS,150162990250840,49141,0,3,2,,1
1070,609679,Prosser HS,Charles Allen Prosser Career Academy High School,Prosser Career Academy HS,150162990250534,53041,0,3,2,,1
1085,610502,Marine Military HS,Marine Military Math and Science Academy,Marine Military Academy HS,150162990250842,49151,0,3,2,,1
1090,609680,Payton HS,Walter Payton College Preparatory High School,Payton College Preparatory HS,150162990250796,70020,0,3,2,,1
1105,400058,Nth Lawndale Chtr - Christiana,North Lawndale College Prep Charter - Christiana,North Lawndale Charter HS,15016299025005C,66091,0,3,1,1,2
1106,400059,Nth Lawndale Chtr - Collins,North Lawndale College Prep Charter - Collins,North Lawndale Charter HS,15016299025005C,66092,0,3,1,1,2
1110,609682,Richards HS,Ellen H Richards Career Academy High School,Richards Career Academy HS,150162990250536,53051,0,3,2,,1
1123,610386,Peace & Education HS,Peace & Education Coalition High School,Peace And Education Coalition HS,150162990253784,67021,1,3,2,,3
1135,400070,Prologue HS,Prologue Early College High School,Prologue Early College CONTR HS,150162990253788,66491,1,3,3,,4
1140,609691,North-grand HS,North-Grand High School,North-Grand High School,150162990250825,46431,0,3,2,,1
1145,610518,Voise HS,VOISE Academy High School,VOISE Academy High School,150162990250844,46621,0,3,2,,1
1150,609692,Simeon HS,Neal F Simeon Career Academy High School,Simeon Career Academy High School,150162990250537,53061,0,3,2,,1
1160,609693,Westinghouse HS,George Westinghouse College Prep,Westinghouse High School,150162990250857,53071,0,3,2,,1
1165,400042,Ford Chtr HS,Henry Ford Academy Power House Charter HS,Ford Power House Charter HS,15016299025011C,67091,0,3,1,3,2
1200,609694,Hancock HS,John Hancock College Preparatory High School,Hancock College Preparatory HS,150162990250779,46021,0,3,2,,1
1210,609695,Amundsen HS,Roald Amundsen High School,Amundsen High School,150162990250001,46031,0,3,2,,1
1225,400038,Community Services West,Community Services West Academy,Community Services West High Sch,150162990250846,63061,1,3,3,,4
1230,609698,Bogan HS,William J Bogan High School,Bogan High School,150162990250003,46041,0,3,2,,1
1270,609702,Crane HS,Richard T Crane Technical Preparatory HS,Crane Technical Prep High School,150162990250008,46081,0,3,2,,1
1300,609704,Farragut HS,David G Farragut Career Academy High School,Farragut Career Academy HS,150162990250011,53091,0,3,2,,1
1310,609705,Fenger HS,Christian Fenger Academy High School,Fenger Academy High School,150162990250012,46111,0,3,2,,1
1320,609707,Robeson HS,Paul Robeson High School,Robeson High School,150162990250766,46121,0,3,2,,1
1330,609708,Foreman HS,Edwin G Foreman High School,Foreman High School,150162990250013,46131,0,3,2,,1
1340,609709,Gage Park HS,Gage Park High School,Gage Park High School,150162990250015,46141,0,3,2,,1
1350,609710,Harlan HS,John M Harlan Community Academy High School,Harlan Community Academy HS,150162990250016,51021,0,3,2,,1
1360,609711,Harper HS,William Rainey Harper High School,Harper High School,150162990250017,46151,0,3,2,,1
1380,609712,Hirsch HS,Emil G Hirsch Metropolitan High School,Hirsch Metropolitan High School,150162990250019,47031,0,3,2,,1
1390,609713,Hyde Park HS,Hyde Park Academy High School,Hyde Park Academy High School,150162990250021,46171,0,3,2,,1
1400,609715,Kelly HS,Thomas Kelly High School,Kelly High School,150162990250022,46181,0,3,2,,1
1410,609716,Kelvyn Park HS,Kelvyn Park High School,Kelvyn Park High School,150162990250023,46191,0,3,2,,1
1420,609718,Kennedy HS,John F Kennedy High School,Kennedy High School,150162990250024,46201,0,3,2,,1
1430,609719,Lake View HS,Lake View High School,Lake View High School,150162990250026,46211,0,3,2,,1
1440,609720,Lane HS,Albert G Lane Technical High School,Lane Technical High School,150162990250027,46221,0,3,2,,1
1460,609722,Manley HS,Manley Career Academy High School,Manley Career Academy High School,150162990250616,53111,0,3,2,,1
1470,609723,Marshall HS,John Marshall Metropolitan High School,Marshall Metropolitan High School,150162990250029,47041,0,3,2,,1
1480,609724,Mather HS,Stephen T Mather High School,Mather High School,150162990250030,46241,0,3,2,,1
1490,609725,Morgan Park HS,Morgan Park High School,Morgan Park High School,150162990250031,46251,0,3,2,,1
1500,609726,Brooks HS,Gwendolyn Brooks College Preparatory Academy HS,Brooks College Prep Academy HS,150162990250788,47051,0,3,2,,1
1510,609727,Phillips HS,Wendell Phillips Academy High School,Phillips Academy High School,150162990250034,46261,0,3,2,,1
1520,609728,Roosevelt HS,Theodore Roosevelt High School,Roosevelt High School,150162990250035,46271,0,3,2,,1
1530,609729,Schurz HS,Carl Schurz High School,Schurz High School,150162990250036,46281,0,3,2,,1
1540,609730,Senn HS,Nicholas Senn High School,Senn High School,150162990250037,47061,0,3,2,,1
1560,609732,Steinmetz College Prep HS,Charles P Steinmetz College Preparatory HS,Steinmetz College Prep HS,150162990250041,46291,0,3,2,,1
1570,609733,Sullivan HS,Roger C Sullivan High School,Sullivan High School,150162990250042,46301,0,3,2,,1
1580,609734,Taft HS,William Howard Taft High School,Taft High School,150162990250043,46311,0,3,2,,1
1590,609735,Tilden HS,Edward Tilden Career Community Academy HS,Tilden Career Communty Academy HS,150162990250044,53121,0,3,2,,1
1600,609736,Dyett HS,Dyett High School,Dyett High School,150162990250798,66021,0,3,2,,1
1610,609737,Von Steuben HS,Friedrich W von Steuben Metropolitan Science HS,Von Steuben Metro Science HS,150162990250046,47081,0,3,2,,1
1620,609738,Lincoln Park HS,Lincoln Park High School,Lincoln Park High School,150162990250047,46321,0,3,2,,1
1630,609739,Washington HS,George Washington High School,Washington  G High School,150162990250048,46331,0,3,2,,1
1640,609740,Wells HS,Wells Community Academy High School,Wells Community Academy HS,150162990250049,51071,0,3,2,,1
1670,609741,Hubbard HS,Gurdon S Hubbard High School,Hubbard High School,150162990250020,46341,0,3,2,,1
1690,609744,Northside Learning HS,Northside Learning Center High School,Northside Learning Center,150162990253743,49021,0,3,2,,5
1700,609745,Southside HS,Southside Occupational Academy High School,Southside Occupational Acad Hs,150162990253765,49031,0,3,2,,5
1710,609746,Kenwood HS,Kenwood Academy High School,Kenwood Academy High School,150162990250025,46361,0,3,2,,1
1730,609748,York HS,Consuella B York Alternative High School,York Alternative High School,150162990253600,49041,1,3,2,,3
1740,609749,Northside Prep HS,Northside College Preparatory High School,Northside College Preparatory Hs,150162990250794,46061,0,3,2,,1
1750,609750,Simpson HS,Simpson Academy High School for Young Women,Simpson Acad HS for Young Women,150162990253732,49051,1,3,2,,3
1760,609751,King HS,Dr  Martin Luther King  Jr  College Prep HS,King College Prep High School,150162990250039,46371,0,3,2,,1
1790,609753,Chgo Agr HS,Chicago High School for Agricultural Sciences,Chicago HS for Agricult Sciences,150162990250772,47091,0,3,2,,1
1800,609754,Chgo Military Acad HS,Chicago Military Academy High School,Chicago Military Academy HS,150162990250795,70070,0,3,2,,1
1810,609755,Young HS,Whitney M Young Magnet High School,Young Magnet High School,150162990250764,47101,0,3,2,,1
1820,609756,Curie HS,Marie Sklodowska Curie Metropolitan High School,Curie Metropolitan High School,150162990250617,53101,0,3,2,,1
1830,610389,Orr HS,Orr Academy High School,Orr Academy High School,150162990250847,28151,0,3,2,,1
1840,609759,Clemente HS,Roberto Clemente Community Academy High School,Clemente Community Academy HS,150162990250545,51091,0,3,2,,1
1850,609760,Carver Military,George Washington Carver Military Academy HS,Carver Military Academy HS,150162990250006,46381,0,3,2,,1
1860,609761,Corliss HS,George H Corliss High School,Corliss High School,150162990250543,46391,0,3,2,,1
1870,609762,Julian HS,Percy L Julian High School,Julian High School,150162990250763,46401,0,3,2,,1
1890,609764,Juarez HS,Benito Juarez Community Academy High School,Juarez Community Academy HS,150162990250767,46421,0,3,2,,1
1920,609766,Vaughn HS,Jacqueline B Vaughn Occupational High School,Vaughn Occupational High School,150162990253753,49081,0,3,2,,5
1930,400051,Noble Street Chtr - Noble,Noble Street Charter - Noble Street College Prep,Noble Street Charter High School,15016299025006C,66141,0,3,1,1,2
1931,400054,Noble Street Chtr - Pritzker,Noble Street Charter - Pritzker College Prep,Noble Street Charter High School,15016299025006C,66142,0,3,1,1,2
1932,400055,Noble Street Chtr - Rauner,Noble Street Charter - Rauner College Prep,Noble Street Charter High School,15016299025006C,66143,0,3,1,1,2
1933,400056,Noble Street Chtr - Rowe Clark,Noble Street Charter - Rowe-Clark Math & Sci Acad,Noble Street Charter High School,15016299025006C,66144,0,3,1,1,2
1934,400053,Noble Street Chtr - Golder,Noble Street Charter - Golder College Prep,Noble Street Charter High School,15016299025006C,66145,0,3,1,1,2
1935,400052,Noble Street Chtr - Comer,Noble Street Charter - Gary Comer College Prep,Noble Street Charter High School,15016299025006C,66146,0,3,1,1,2
1936,400057,Noble Street Chtr - Uic,Noble Street Charter - UIC College Prep,Noble Street Charter High School,15016299025006C,66147,0,3,1,1,2
1940,609768,Hope HS,Hope College Preparatory High School,Hope College Prep High School,150162990250799,49091,0,3,2,,1
1950,609769,"Graham,r HS",Ray Graham Training Center High School,Graham  R Training Center,150162990253715,49101,0,3,2,,5
1960,400064,Perspectives Chtr - Joslin,Perspectives Charter - Rodney D Joslin,Perspectives Charter High School,15016299025003C,66051,0,3,1,1,2
1961,400061,Perspectives Chtr - Leadership Academy,Perspectives Charter Leadership Academy HS,Perspectives Charter High School,15016299025003C,66052,0,3,1,1,2
1962,400062,Perspectives Chtr - Calumet Tech,Perspectives Charter - Calumet Technology,Perspectives Charter High School,15016299025003C,66053,0,3,1,1,2
1964,400066,Perspectives Chtr - Iit,Perspectives Charter - IIT Math & Science Academy,Perspectives Charter High School,15016299025003C,66056,0,3,1,1,2
2015,610530,Southshore,South Shore Fine Arts Academy,South Shore Fine Arts Elem Sch,150162990252960,22251,0,1,2,,1
2020,609772,Addams,Jane Addams Elementary School,Addams Elem School,150162990252051,22021,0,1,2,,1
2025,400009,Global Citizenship Chtr,Academy for Global Citizenship Elementary School,Global Citizenship Elem Sch,15016299025229C,63011,0,1,1,3,2
2030,609773,Agassiz,Louis A Agassiz Elementary School,Agassiz Elem School,150162990252052,22031,0,1,2,,1
2035,400012,Amandla Chtr HS,Amandla Charter High School,Amandla Elem Charter Sch,15016299025227C,66551,0,3,1,3,2
2040,609774,Alcott ES,Louisa May Alcott Elementary School,Alcott Elem School,150162990252053,22041,0,1,2,,1
2045,400068,Plato Contr,Plato Learning Academy Elementary School,Plato Learning Acad Elem School,150162990252951,63021,0,1,3,,6
2055,400045,Nkrumah Contr,Kwame Nkrumah Academy Elementary School,Nkrumah Academy Charter School,15016299025231C,63041,0,1,1,3,2
2070,609777,Armour,Phillip D Armour Elementary School,Armour Elem School,150162990252058,22061,0,1,2,,1
2080,609779,"Armstrong, G",George Armstrong International Studies ES,Armstrong  G Elem Int'L Studies,150162990252059,22081,0,1,2,,1
2085,610523,Edison Park,Edison Park Elementary School,Edison Park Elem School,150162990252953,28081,0,1,2,,1
2090,609780,Ames,Ames Middle School,Ames Middle School,150162990252912,41111,0,2,2,,1
2100,609781,Attucks,Crispus Attucks Elementary School,Attucks Elem School,150162990252061,31021,0,1,2,,1
2110,609782,Audubon,John J Audubon Elementary School,Audubon Elem School,150162990252062,22091,0,1,2,,1
2120,609783,Jefferson Alt HS,Nancy B Jefferson Alternative High School,Jefferson  N Elem Alt School,150162990253075,30011,1,3,2,,3
2130,609786,Avalon Park,Avalon Park Elementary School,Avalon Park Elem School,150162990252063,22101,0,1,2,,1
2150,609788,Barnard,Alice L Barnard Computer Math & Science Ctr ES,Barnard Elem Comp Math & Sci Ctr,150162990252066,22131,0,1,2,,1
2160,609789,Barry,John Barry Elementary School,Barry Elem School,150162990252067,22141,0,1,2,,1
2170,609790,Barton,Clara Barton Elementary School,Barton Elem School,150162990252068,22151,0,1,2,,1
2180,609791,Bass,Perkins Bass Elementary School,Bass Elem School,150162990252069,22161,0,1,2,,1
2190,609792,Bateman,Newton Bateman Elementary School,Bateman Elem School,150162990252070,22171,0,1,2,,1
2200,609793,Nicholson Tech Acad,Nicholson Technology Academy,Nicholson Technology Acad Elem Sch,150162990252072,22181,0,1,2,,1
2210,610394,Uplift HS,Uplift Community High School,Uplift Community High School,150162990250829,26861,0,3,2,,1
2220,609794,"Edison, T",Thomas A Edison Regional Gifted Center ES,Edison Elem Regional Gifted Cntr,150162990252184,29011,0,1,2,,1
2230,609795,"Clark, G",George Rogers Clark Elementary School,Clark  G R Elem School,150162990252700,22191,0,1,2,,1
2240,609796,Beaubien,Jean Baptiste Beaubien Elementary School,Beaubien Elem School,150162990252078,22201,0,1,2,,1
2250,609797,Beidler,Jacob Beidler Elementary School,Beidler Elem School,150162990252080,22211,0,1,2,,1
2260,609798,Belding,Hiram H Belding Elementary School,Belding Elem School,150162990252081,22221,0,1,2,,1
2270,609799,Bell,Alexander Graham Bell Elementary School,Bell Elem School,150162990252082,22231,0,1,2,,1
2280,609800,Bennett,Frank I Bennett Elementary School,Bennett Elem School,150162990252083,22241,0,1,2,,1
2290,400029,Cics - Washington Park,Chicago Intl Charter - Washington Park,Chicago International Charter,15016299025201C,66181,0,1,1,1,2
2300,609803,Blaine,James G Blaine Elementary School,Blaine Elem School,150162990252087,22261,0,1,2,,1
2320,609804,Boone,Daniel Boone Elementary School,Boone Elem School,150162990252089,22271,0,1,2,,1
2330,609805,Joplin,Scott Joplin Elementary School,Joplin Elem School,150162990252775,22281,0,1,2,,1
2340,609806,Bradwell,Myra Bradwell Communications Arts & Sciences ES,Bradwell Comm Arts & Sci Elem Sch,150162990252090,22291,0,1,2,,1
2350,609807,Hampton,Lionel Hampton Fine & Performing Arts ES,Hampton Elem Fine & Perf Arts Sch,150162990252916,32021,0,1,2,,1
2360,609808,Haley,Alex Haley Elementary Academy,Haley Elem Academy,150162990252092,22301,0,1,2,,1
2370,609809,Brentano,Lorenz Brentano Math & Science Academy ES,Brentano Elem Math & Science Acad,150162990252094,22311,0,1,2,,1
2380,609810,Bridge,Norman A Bridge Elementary School,Bridge Elem School,150162990252095,22321,0,1,2,,1
2390,609811,Bright,Orville T Bright Elementary School,Bright Elem School,150162990252096,22331,0,1,2,,1
2400,609812,"Brown, W",William H Brown Elementary School,Brown  W Elem School,150162990252097,22351,0,1,2,,1
2410,609813,Brownell,Charles S Brownell Elementary School,Brownell Elem School,150162990252098,22361,0,1,2,,1
2420,400033,Cics - Longwood,Chicago Intl Charter - Longwood,Chicago International Charter,15016299025201C,66061,0,3,1,1,2
2430,609815,Bouchet,Edward A Bouchet Math & Science Academy ES,Bouchet Elem Math & Science Acad,150162990252100,22371,0,1,2,,1
2440,609817,Budlong,Lyman A Budlong Elementary School,Budlong Elem School,150162990252101,22391,0,1,2,,1
2450,609818,Burbank,Luther Burbank Elementary School,Burbank Elem School,150162990252102,22401,0,1,2,,1
2460,609819,Burke,Edmond Burke Elementary School,Burke Elem School,150162990252103,22411,0,1,2,,1
2470,609820,Burley,Augustus H Burley Elementary School,Burley Elem School,150162990252104,22421,0,1,2,,1
2480,609821,Burnham,Burnham Elementary Inclusive Academy,Burnham Elem Inclusive Academy,150162990252105,22432,0,1,2,,1
2490,400087,Yng Women - Chtr Campus,Young Women's Leadership Charter High School,Young Womens Leadership Chartr HS,15016299025007C,66171,0,3,1,1,2
2510,609826,Castellanos,Rosario Castellanos Elementary School,Castellanos Elem School,150162990252106,22461,0,1,2,,1
2520,609827,Burnside,Burnside Elementary Scholastic Academy,Burnside Elem Scholastic Academy,150162990252107,29021,0,1,2,,1
2530,609828,Burr,Jonathan Burr Elementary School,Burr Elem School,150162990252108,22471,0,1,2,,1
2540,609829,Burroughs,John C Burroughs Elementary School,Burroughs Elem School,150162990252109,22481,0,1,2,,1
2550,609830,Brunson,Milton Brunson Math & Science Specialty ES,Brunson Math & Sci Specialty Elem,150162990252110,22491,0,1,2,,1
2570,609832,Byrne,Michael M Byrne Elementary School,Byrne Elem School,150162990252112,22501,0,1,2,,1
2580,609833,Caldwell,Charles P Caldwell Academy of Math & Science ES,Caldwell Elem Acad of Math & Sci,150162990252113,22511,0,1,2,,1
2590,609834,Little Village,Little Village Elementary School,Little Village Elem School,150162990252896,22521,0,1,2,,1
2600,400075,Univ Of Chgo Chtr - Donoghue,University of Chicago Charter - Donoghue,Univ of Chicago Elem Charter Schl,15016299025204C,66321,0,1,1,1,2
2610,609835,Cameron,Daniel R Cameron Elementary School,Cameron Elem School,150162990252118,22531,0,1,2,,1
2620,609836,Canty,Arthur E Canty Elementary School,Canty Elem School,150162990252119,22541,0,1,2,,1
2630,609837,Carnegie,Andrew Carnegie Elementary School,Carnegie Elem School,150162990252120,22551,0,1,2,,1
2650,609839,Carroll,Carroll-Rosenwald Specialty Elementary School,Carroll Elem School,150162990252122,22571,0,1,2,,1
2660,609842,Carson,Rachel Carson Elementary School,Carson Elem School,150162990252876,22601,0,1,2,,1
2670,609844,Carter,William W Carter Elementary School,Carter Elem School,150162990252123,22611,0,1,2,,1
2690,609845,"Carver , G",George Washington Carver Primary School,Carver Primary School,150162990252372,22621,0,1,2,,1
2710,609848,Aldridge,Ira F Aldridge Elementary School,Aldridge Elem School,150162990252054,22641,0,1,2,,1
2720,609849,Cassell,George F Cassell Elementary School,Cassell Elem School,150162990252126,22651,0,1,2,,1
2730,609850,Greeley,Horace Greeley Elementary School,Greeley Elem School,150162990252227,22661,0,1,2,,1
2740,609851,Chalmers,Thomas Chalmers Specialty Elementary School,Chalmers Elem Specialty School,150162990252128,22671,0,1,2,,1
2750,609852,Chappell,Eliza Chappell Elementary School,Chappell Elem School,150162990252129,22681,0,1,2,,1
2760,609853,Chase,Salmon P Chase Elementary School,Chase Elem School,150162990252130,22701,0,1,2,,1
2770,609854,Chopin,Frederic Chopin Elementary School,Chopin Elem School,150162990252155,22721,0,1,2,,1
2780,609855,Christopher,Walter S Christopher Elementary School,Christopher Elem School,150162990252904,30031,0,1,2,,5
2790,609856,Clay,Henry Clay Elementary School,Clay Elem School,150162990252132,22731,0,1,2,,1
2800,609857,Cleveland,Grover Cleveland Elementary School,Cleveland Elem School,150162990252133,22741,0,1,2,,1
2810,609859,Clinton,DeWitt Clinton Elementary School,Clinton Elem School,150162990252134,22751,0,1,2,,1
2820,609861,Clissold,Henry R Clissold Elementary School,Clissold Elem School,150162990252135,22761,0,1,2,,1
2830,609862,Coles,Edward Coles Elementary Language Academy,Coles Elem Language Academy,150162990252136,22771,0,1,2,,1
2850,609863,Columbus,Christopher Columbus Elementary School,Columbus Elem School,150162990252138,22791,0,1,2,,1
2860,609864,Cook,John W Cook Elementary School,Cook Elem School,150162990252139,22801,0,1,2,,1
2870,609865,Jordan,Jordan Elementary Community School,Jordan Elem Community School,150162990252889,22811,0,1,2,,1
2880,609866,Coonley,John C Coonley Elementary School,Coonley Elem School,150162990252141,22821,0,1,2,,1
2890,609867,Cooper,Peter Cooper Elementary Dual Language Academy,Cooper Elem Dual Language Academy,150162990252142,22831,0,1,2,,1
2900,609869,Langford,Anna R. Langford Community Academy,Langford A Elem School,150162990252704,22841,0,1,2,,1
2910,609870,Corkery,Daniel J Corkery Elementary School,Corkery Elem School,150162990252145,22851,0,1,2,,1
2920,609871,Vick,Barbara Vick Early Childhood & Family Center,Vick Early Childhood & Family Ctr,150162990253781,26731,0,1,2,,5
2930,609872,Perez,Manuel Perez Elementary School,Perez Elem School,150162990252864,22861,0,1,2,,1
2940,609873,Crown,Crown Community Academy of Fine Arts Center ES,Crown Elem Comm Acd Fine Arts Ctr,150162990252147,31041,0,1,2,,1
2950,609874,Dirksen,Everett McKinley Dirksen Elementary School,Dirksen Elem School,150162990252603,22871,0,1,2,,1
2960,609875,Darwin,Charles R Darwin Elementary School,Darwin Elem School,150162990252148,22881,0,1,2,,1
2970,609876,"Davis, N",Nathan S Davis Elementary School,Davis  N Elem School,150162990252149,22891,0,1,2,,1
2980,609879,Dawes,Charles Gates Dawes Elementary School,Dawes Elem School,150162990252150,22901,0,1,2,,1
2990,609880,Decatur,Stephen Decatur Classical Elementary School,Decatur Classical Elem School,150162990252805,29031,0,1,2,,1
3010,609883,Deneen,Charles S Deneen Elementary School,Deneen Elem School,150162990252153,22931,0,1,2,,1
3020,609884,Dever,William E Dever Elementary School,Dever Elem School,150162990252158,22941,0,1,2,,1
3030,609885,Dewey,Dewey Elementary Academy of Fine Arts,Dewey Elem Academy of Fine Arts,150162990252159,22951,0,1,2,,1
3040,609887,Dixon,Arthur Dixon Elementary School,Dixon Elem School,150162990252161,22971,0,1,2,,1
3050,609888,Dodge,Mary Mapes Dodge Elementary Renaissance Academy,Dodge Elem School,150162990252927,22981,0,1,2,,1
3060,400076,Univ Of Chgo Chtr - Nko,University of Chicago Charter - NKO,Univ of Chicago Elem Charter Schl,15016299025204C,66111,0,1,1,1,2
3061,400077,Univ Of Chgo Chtr - Woodlawn,University of Chicago Charter - Woodlawn,Univ of Chicago Elem Charter Schl,15016299025204C,66112,0,3,1,1,2
3062,400078,Univ Of Chgo Chtr - Woodson,University of Chicago Charter - Carter G Woodson,Univ of Chicago Elem Charter Schl,15016299025204C,66113,0,2,1,1,2
3070,609891,Doolittle,James R Doolittle Jr Elementary School,Doolittle Elem School,150162990252937,22991,0,1,2,,1
3080,609893,Dore,John C Dore Elementary School,Dore Elem School,150162990252167,23001,0,1,2,,1
3100,609894,Drake,John B Drake Elementary School,Drake Elem School,150162990252169,23011,0,1,2,,1
3110,609895,Turner-drew,Turner-Drew Elementary Language Academy,Turner-Drew Elem Language Academy,150162990252826,29041,0,1,2,,1
3120,609896,Drummond,Thomas Drummond Elementary School,Drummond Elem School,150162990252172,23021,0,1,2,,1
3130,609897,Earle,Charles W Earle Elementary School,Earle Elem School,150162990252180,23031,0,1,2,,1
3140,609898,Eberhart,John F Eberhart Elementary School,Eberhart Elem School,150162990252181,23041,0,1,2,,1
3150,609899,Ebinger,Christian Ebinger Elementary School,Ebinger Elem School,150162990252182,23051,0,1,2,,1
3160,609900,Curtis,George W Curtis Elementary School,Curtis Elem School,150162990252799,23061,0,1,2,,1
3170,609901,Edgebrook,Edgebrook Elementary School,Edgebrook Elem School,150162990252183,23071,0,1,2,,1
3180,400031,Cics - Wrightwood,Chicago Intl Charter - Wrightwood,Chicago International Charter,15016299025201C,66381,0,1,1,1,2
3190,609902,Metcalfe,Ralph H Metcalfe Elementary Community Academy,Metcalfe Elem Community Academy,150162990252804,31061,0,1,2,,1
3200,609903,Edwards,Richard Edwards Elementary School,Edwards Elem School,150162990252185,23081,0,1,2,,1
3220,609904,Ellington,Edward K Ellington Elementary School,Ellington Elem School,150162990252187,23101,0,1,2,,1
3240,609907,Ericson,Leif Ericson Elementary Scholastic Academy,Ericson Elem Scholastic Academy,150162990252190,29051,0,1,2,,1
3250,609908,Esmond,Esmond Elementary School,Esmond Elem School,150162990252191,23131,0,1,2,,1
3260,609909,Everett,Edward Everett Elementary School,Everett Elem School,150162990252192,23141,0,1,2,,1
3270,609910,Falconer,Laughlin Falconer Elementary School,Falconer Elem School,150162990252194,23151,0,1,2,,1
3280,609912,Farnsworth,James B Farnsworth Elementary School,Farnsworth Elem School,150162990252198,23161,0,1,2,,1
3330,609917,Fernwood,Fernwood Elementary School,Fernwood Elem School,150162990252202,23201,0,1,2,,1
3340,400084,Uno Chtr - Tamayo,UNO Charter - Rufino Tamayo,Uno Network Elem Charter School,15016299025205C,66391,0,1,1,1,2
3341,400081,Uno Chtr - De Las Casas,UNO Charter - Bartolome de Las Casas,Uno Network Elem Charter School,15016299025205C,66392,0,1,1,1,2
3342,400082,Uno Chtr - Fuentes,UNO Charter - Carlos Fuentes,Uno Network Elem Charter School,15016299025205C,66393,0,1,1,1,2
3343,400085,Uno Chtr - Major Hector P.Garcia,UNO Charter School - Major Hector P.Garcia MD Campus,UNO Network Charter Schools,15016299025205C,66394,0,3,1,1,2
3344,400079,Uno Chtr - Spc Daniel Zizumbo,UNO Charter School - SPC Daniel Zizumbo Campus,Uno Network Elem Charter School,15016299025205C,66395,0,1,1,1,2
3345,400080,Uno Chtr - Pfc Omar E.Torres,UNO Charter School - PFC Omar E.Torres Campus,Uno Network Elem Charter School,15016299025205C,66396,0,1,1,1,2
3346,400089,Uno Chtr - Marquez,UNO Charter School - Officer Donald J. Marquez,Uno Network Elem Charter School,15016299025205C,66397,0,1,1,1,2
3350,609918,Field,Eugene Field Elementary School,Field Elem School,150162990252203,23211,0,1,2,,1
3360,609919,Fiske,John Fiske Elementary School,Fiske Elem School,150162990252204,23221,0,1,2,,1
3370,609920,Kanoon,Gerald Delgado Kanoon Elementary Magnet School,Kanoon Elem Magnet School,150162990252806,29071,0,1,2,,1
3380,609921,Telpochcalli,Telpochcalli Elementary School,Telpochcalli Elem School,150162990252901,23231,0,1,2,,1
3390,609922,Belmont-cragin,Belmont-Cragin Elementary School,Belmont-Cragin Elem School,150162990252923,26772,0,1,2,,1
3400,609924,Fort Dearborn,Fort Dearborn Elementary School,Fort Dearborn Elem School,150162990252206,23241,0,1,2,,1
3410,609925,Kellman,Joseph Kellman Corporate Community ES,Kellman Corporate Community Elem,150162990252892,23251,0,1,2,,1
3420,609926,Franklin,Franklin Elementary Fine Arts Center,Franklin Elem Fine Arts Center,150162990252207,29081,0,1,2,,1
3430,609927,Foster Park,Foster Park Elementary School,Foster Park Elem School,150162990252618,23261,0,1,2,,1
3440,609928,Fuller,Melville W Fuller Elementary School,Fuller Elem School,150162990252209,23271,0,1,2,,1
3450,609929,Fulton,Robert Fulton Elementary School,Fulton Elem School,150162990252210,23281,0,1,2,,1
3460,609930,Funston,Frederick Funston Elementary School,Funston Elem School,150162990252211,23291,0,1,2,,1
3480,609933,Gale,Stephen F Gale Elementary Community Academy,Gale Elem Community Academy,150162990252212,31081,0,1,2,,1
3490,609935,Gallistel,Matthew Gallistel Elementary Language Academy,Gallistel Elem Language Academy,150162990252213,29091,0,1,2,,1
3500,400017,Aspira Chtr - Haugan,ASPIRA Charter - Haugan Campus,Aspira Charter High School,15016299025008C,66351,0,2,1,1,2
3510,609937,Garvy,John W Garvy Elementary School,Garvy  J Elem School,150162990252214,23301,0,1,2,,1
3520,609938,Gary,Joseph E Gary Elementary School,Gary Elem School,150162990252215,23311,0,1,2,,1
3530,609939,Gillespie,Frank L Gillespie Elementary School,Gillespie Elem School,150162990252236,23321,0,1,2,,1
3550,609941,Randolph,Asa Philip Randolph Elementary School,Randolph Elem School,150162990252807,29111,0,1,2,,1
3560,609942,Goethe,Johann W von Goethe Elementary School,Goethe Elem School,150162990252220,23341,0,1,2,,1
3570,609943,Gompers,Samuel Gompers Fine Arts Options ES,Gompers Elem Fine Arts Opt School,150162990252222,23351,0,1,2,,1
3580,609944,Grissom,Virgil Grissom Elementary School,Grissom Elem School,150162990252622,23361,0,1,2,,1
3590,609945,Goudy,William C Goudy Elementary School,Goudy Elem School,150162990252223,23371,0,1,2,,1
3600,609947,Graham,Alexander Graham Elementary School,Graham  A Elem School,150162990252224,23391,0,1,2,,1
3620,609949,"Gray, W",William P Gray Elementary School,Gray Elem School,150162990252226,23401,0,1,2,,1
3630,609950,Ortiz De Dominguez,Josefa Ortiz De Dominguez Elementary School,Ortiz De Dominguez Elem School,150162990252898,23411,0,1,2,,1
3640,609951,Ariel,Ariel Elementary Community Academy,Ariel Elem Community Academy,150162990252895,23421,0,1,2,,1
3650,609952,Greene,Nathanael Greene Elementary School,Greene  N Elem School,150162990252229,23431,0,1,2,,1
3660,609954,Gregory,John Milton Gregory Elementary School,Gregory Math & Sci Elem Academy,150162990252230,23441,0,1,2,,1
3670,609955,Gresham,Walter Q Gresham Elementary School,Gresham Elem School,150162990252231,23451,0,1,2,,1
3680,609956,Grimes,Robert L Grimes Elementary School,Grimes Elem School,150162990252232,23461,0,1,2,,1
3690,609958,Gunsaulus,Frank W Gunsaulus Elementary Scholastic Academy,Gunsaulus Elem Scholastic Academy,150162990252811,29121,0,1,2,,1
3700,609959,Haines,John Charles Haines Elementary School,Haines Elem School,150162990252235,23481,0,1,2,,1
3710,609960,Hale,Nathan Hale Elementary School,Hale Elem School,150162990252239,23491,0,1,2,,1
3720,609961,Heroes,Ninos Heroes Elementary Academic Center,Ninos Heroes Elem Academic Ctr,150162990252823,31101,0,1,2,,1
3730,609963,Hamilton,Alexander Hamilton Elementary School,Hamilton Elem School,150162990252240,23501,0,1,2,,1
3740,609964,Hamline,John H Hamline Elementary School,Hamline Elem School,150162990252241,23511,0,1,2,,1
3750,609966,Hammond,Charles G Hammond Elementary School,Hammond Elem School,150162990252242,23531,0,1,2,,1
3760,609967,Finkl,William F Finkl Elementary School,Finkl Elem School,150162990252893,23541,0,1,2,,1
3770,609968,Mcauliffe,Sharon Christa McAuliffe Elementary School,Mcauliffe Elem School,150162990252877,23551,0,1,2,,1
3780,609969,Harte,Bret Harte Elementary School,Harte Elem School,150162990252244,23561,0,1,2,,1
3800,609971,Harvard,John Harvard Elementary School of Excellence,Harvard Elem School,150162990252246,23581,0,1,2,,1
3810,609972,Haugan,Helge A Haugan Elementary School,Haugan Elem School,150162990252247,23591,0,1,2,,1
3820,609973,Zapata,Emiliano Zapata Elementary Academy,Zapata Elem Academy,150162990252897,23611,0,1,2,,1
3830,609974,Hawthorne,Hawthorne Elementary Scholastic Academy,Hawthorne Elem Scholastic Academy,150162990252249,29131,0,1,2,,1
3840,609975,Hay,John Hay Elementary Community Academy,Hay Elem Community Academy,150162990252636,31111,0,1,2,,1
3850,609976,Hayt,Stephen K Hayt Elementary School,Hayt Elem School,150162990252252,23621,0,1,2,,1
3860,609977,Woodlawn,Woodlawn Community Elementary School,Woodlawn Elem Community School,150162990252903,23631,0,1,2,,1
3870,609978,Smith,Wendell Smith Elementary School,Smith  W Elem School,150162990252768,23641,0,1,2,,1
3880,609979,Healy,Robert Healy Elementary School,Healy Elem School,150162990252254,23651,0,1,2,,1
3890,609981,Hearst,Phobe Apperson Hearst Elementary School,Hearst Elem School,150162990252255,23671,0,1,2,,1
3900,609983,Hedges,James Hedges Elementary School,Hedges Elem School,150162990252256,23681,0,1,2,,1
3910,609985,Hefferan,Helen M Hefferan Elementary School,Hefferan Elem School,150162990252257,23711,0,1,2,,1
3920,609986,Henderson,Charles R Henderson Elementary School,Henderson Elem School,150162990252258,23721,0,1,2,,1
3930,609987,Hendricks,Thomas A Hendricks Elementary Community Academy,Hendricks Elem Community Academy,150162990252259,31121,0,1,2,,1
3940,609988,Henry,Patrick Henry Elementary School,Henry Elem School,150162990252260,23731,0,1,2,,1
3960,609990,South Loop,South Loop Elementary School,South Loop Elem School,150162990252855,23751,0,1,2,,1
3970,609991,Herzl,Theodore Herzl Elementary School,Herzl Elem School,150162990252263,23771,0,1,2,,1
3980,609993,Lara,Agustin Lara Elementary Academy,Lara Elem Academy,150162990252900,23791,0,1,2,,1
3990,400019,Bronzeville Lthouse Chtr Campus,Bronzeville Lighthouse Charter Elementary School,Bronzeville Lighthouse Elem Chrtr,15016299025222C,66421,0,1,1,3,2
4000,609994,Hibbard,William G Hibbard Elementary School,Hibbard Elem School,150162990252265,23801,0,1,2,,1
4010,609995,Hitch,Rufus M Hitch Elementary School,Hitch Elem School,150162990252268,23811,0,1,2,,1
4020,609996,Holden,Charles N Holden Elementary School,Holden Elem School,150162990252269,23821,0,1,2,,1
4030,609997,Holmes,Oliver Wendell Holmes Elementary School,Holmes Elem School,150162990252270,23831,0,1,2,,1
4060,610000,Howe,Julia Ward Howe Elementary School of Excellence,Howe Elem School,150162990252273,23851,0,1,2,,1
4080,610002,Hoyne,Thomas Hoyne Elementary School,Hoyne Elem School,150162990252275,23871,0,1,2,,1
4090,610003,Cuffe,Paul Cuffe Math-Science Technology Academy ES,Cuffe Math-Sci Tech Elem Academy,150162990252617,23881,0,1,2,,1
4100,610004,Cullen,Countee Cullen Elementary School,Cullen Elem School,150162990252637,23891,0,1,2,,1
4110,610005,"Hughes, C",Charles Evans Hughes Elementary School,Hughes  C Elem School,150162990252276,23901,0,1,2,,1
4120,610006,Hurley,Edward N Hurley Elementary School,Hurley Elem School,150162990252280,23911,0,1,2,,1
4140,400073,Shabazz Chtr - Dusable,Betty Shabazz Intl Charter - DuSable Leadership,Shabazz International Chrtr Schls,15016299025203C,66311,0,3,1,1,2
4150,400069,Polaris Chtr Campus,Polaris Charter Academy Elementary School,Polaris Elem Charter Academy,15016299025226C,67081,0,1,1,3,2
4160,610009,Galileo,Galileo Math & Science Scholastic Academy ES,Galileo Elem Math & Sci Schol Acd,150162990252878,29141,0,1,2,,1
4170,610010,Jahn,Friedrich Ludwig Jahn Elementary School,Jahn Elem School,150162990252284,23921,0,1,2,,1
4180,610011,Jamieson,Minnie Mars Jamieson Elementary School,Jamieson Elem School,150162990252285,23931,0,1,2,,1
4200,610012,Jenner,Edward Jenner Elementary Academy of the Arts,Jenner Elem Academy of The Arts,150162990252287,23951,0,1,2,,1
4210,610013,Pilsen,Pilsen Elementary Community Academy,Pilsen Elem Community Academy,150162990252289,31141,0,1,2,,1
4220,400028,Cics - Prairie,Chicago Intl Charter - Prairie,Chicago International Charter,15016299025201C,66161,0,1,1,1,2
4230,610015,Jungman,Joseph Jungman Elementary School,Jungman Elem School,150162990252292,23961,0,1,2,,1
4240,610016,Kellogg,Kate S Kellogg Elementary School,Kellogg Elem School,150162990252293,23971,0,1,2,,1
4250,610017,Saucedo,Maria Saucedo Elementary Scholastic Academy,Saucedo Elem Scholastic Academy,150162990252829,29151,0,1,2,,1
4260,610018,Canter,Miriam G Canter Middle School,Canter Middle School,150162990252845,23981,0,2,2,,1
4270,610019,Kershaw,Joshua D Kershaw Elementary School,Kershaw Elem School,150162990252294,23991,0,1,2,,1
4290,610021,Casals,Pablo Casals Elementary School,Casals Elem School,150162990252862,24011,0,1,2,,1
4300,610022,Kilmer,Joyce Kilmer Elementary School,Kilmer Elem School,150162990252296,24021,0,1,2,,1
4320,610024,Cardenas,Lazaro Cardenas Elementary School,Cardenas Elem School,150162990252783,24051,0,1,2,,1
4330,610026,Kinzie,John H Kinzie Elementary School,Kinzie Elem School,150162990252299,24071,0,1,2,,1
4350,610027,Kipling,Rudyard Kipling Elementary School,Kipling Elem School,150162990252300,24081,0,1,2,,1
4370,400020,Catalyst Chtr - Howland,Catalyst Charter ES - Howland,Catalyst Elem Charter School,15016299025223C,66431,0,1,1,2,2
4371,400021,Catalyst Chtr - Circle Rock,Catalyst Elementary School - Circle Rock,Catalyst Circle Rock Elem School,15016299025228C,66432,0,1,1,2,2
4380,610029,Lozano,Rodolfo Lozano Bilingual & International Ctr ES,Lozano Elem Bilingual & Intl Ctr,150162990252303,24101,0,1,2,,1
4390,610030,Kozminski,Charles Kozminski Elementary Community Academy,Kozminski Elem Community Academy,150162990252304,31151,0,1,2,,1
4410,610032,Green,Wendell E Green Elementary School,Green  W Elem School,150162990252048,24131,0,1,2,,1
4420,610033,Lasalle,LaSalle Elementary Language Academy,Lasalle Elem Language Academy,150162990252306,29161,0,1,2,,1
4430,610034,Lawndale,Lawndale Elementary Community Academy,Lawndale Elem Community Academy,150162990252309,31161,0,1,2,,1
4450,610036,Lewis,Leslie Lewis Elementary School,Lewis Elem School,150162990252311,24151,0,1,2,,1
4460,610392,World Language HS,World Language Academy High School,World Language High School,150162990250830,52011,0,3,2,,1
4470,610037,Libby,Arthur A Libby Elementary School,Libby Elem School,150162990252313,24171,0,1,2,,1
4480,610038,Lincoln,Abraham Lincoln Elementary School,Lincoln Elem School,150162990252314,24191,0,1,2,,1
4490,610039,Von Linne,Carl von Linne Elementary School,Linne Elem School,150162990252315,24201,0,1,2,,1
4500,610040,Lloyd,Henry D Lloyd Elementary School,Lloyd Elem School,150162990252316,24221,0,1,2,,1
4510,610041,"Locke, J",Josephine C Locke Elementary School,Locke  J Elem School,150162990252317,24231,0,1,2,,1
4520,400072,Shabazz Chtr - Shabazz,Betty Shabazz Intl Charter,Shabazz International Chrtr Schls,15016299025203C,66121,0,1,1,1,2
4530,610043,Lovett,Joseph Lovett Elementary School,Lovett Elem School,150162990252319,24241,0,1,2,,1
4540,610044,Lowell,James Russell Lowell Elementary School,Lowell Elem School,150162990252321,24251,0,1,2,,1
4560,610046,Lyon,Mary Lyon Elementary School,Lyon Elem School,150162990252323,24281,0,1,2,,1
4570,610047,Madison,James Madison Elementary School,Madison Elem School,150162990252324,24301,0,1,2,,1
4580,610048,Manierre,George Manierre Elementary School,Manierre Elem School,150162990252326,24311,0,1,2,,1
4600,610051,Northwest,Northwest Middle School,Northwest Middle School,150162990252915,41121,0,2,2,,1
4610,610052,Mann,Horace Mann Elementary School,Mann Elem School,150162990252328,24331,0,1,2,,1
4620,610053,Marquette,Marquette Elementary School,Marquette Elem School,150162990252330,24341,0,1,2,,1
4630,610054,Marsh,John L Marsh Elementary School,Marsh Elem School,150162990252331,24361,0,1,2,,1
4640,610055,Faraday,Michael Faraday Elementary School,Faraday Elem School,150162990252195,24371,0,1,2,,1
4650,610056,Mason,Roswell B Mason Elementary School,Mason Elem School,150162990252334,24381,0,1,2,,1
4660,610057,Fairfield,Fairfield Elementary Academy,Fairfield Elem Academy,150162990252913,26701,0,1,2,,1
4680,610059,Mayer,Oscar F Mayer Elementary School,Mayer Elem School,150162990252337,24401,0,1,2,,1
4690,610060,"Jackson, A",Andrew Jackson Elementary Language Academy,Jackson  A Elem Language Acad,150162990252283,29171,0,1,2,,1
4710,610062,Mcclellan,George B McClellan Elementary School,Mcclellan Elem School,150162990252339,24421,0,1,2,,1
4720,610063,Mccormick,Cyrus H McCormick Elementary School,Mccormick Elem School,150162990252341,24431,0,1,2,,1
4730,400011,"Locke, A Chtr",Alain Locke Charter Elementary Academy,Locke  A Elem Charter Academy,15016299025206C,66151,0,1,1,1,2
4740,610065,Till,Emmett Louis Till Math and Science Academy,Till Elem Math & Science Academy,150162990252766,24441,0,1,2,,1
4750,610066,Mcdade,James E McDade Elementary Classical School,Mcdade Elem Classical School,150162990252345,29181,0,1,2,,1
4760,610067,Mckay,Francis M McKay Elementary School,Mckay Elem School,150162990252346,24451,0,1,2,,1
4770,610068,Hanson Park,Hanson Park Elementary School,Hanson Park Elem School,150162990252726,24461,0,1,2,,1
4800,610070,Mcpherson,James B McPherson Elementary School,Mcpherson Elem School,150162990252349,24471,0,1,2,,1
4840,610073,Mitchell,Ellen Mitchell Elementary School,Mitchell Elem School,150162990252353,24511,0,1,2,,1
4850,610074,Monroe,James Monroe Elementary School,Monroe Elem School,150162990252355,24531,0,1,2,,1
4860,610075,Montefiore,Moses Montefiore Special Elementary School,Montefiore Special Elem School,150162990253116,30041,0,1,2,,5
4870,610076,Moos,Bernhard Moos Elementary School,Moos Elem School,150162990252356,24551,0,1,2,,1
4880,610077,Morrill,Donald Morrill Math & Science Elementary School,Morrill Elem Math & Sci School,150162990252357,24571,0,1,2,,1
4890,610078,Inter-american,Inter-American Elementary Magnet School,Inter-American Elem Magnet School,150162990252358,29191,0,1,2,,1
4910,400025,Cics - Bucktown,Chicago Intl Charter - Bucktown,Chicago International Charter,15016299025201C,66071,0,1,1,1,2
4911,400032,Cics - Ellison,Chicago Intl Charter - Ralph Ellison,Chicago International Charter,15016299025201C,66072,0,3,1,1,2
4913,400027,Cics - Irving Park,Chicago Intl Charter - Irving Park,Chicago International Charter,15016299025201C,66074,0,1,1,1,2
4914,400026,Cics - Loomis,Chicago Intl Charter - Loomis Primary,Chicago International Charter,15016299025201C,66075,0,1,1,1,2
4920,610081,Sheridan,Mark Sheridan Elementary Math & Science Academy,Sheridan Elem Math & Science Acad,150162990252451,29201,0,1,2,,1
4940,610082,Mount Greenwood,Mount Greenwood Elementary School,Mount Greenwood Elem School,150162990252361,24591,0,1,2,,1
4950,610083,Beard,Daniel C Beard Elementary School,Beard Elem School,150162990253760,30051,0,1,2,,5
4960,610084,Keller,Annie Keller Elementary Gifted Magnet School,Keller Elem Gifted Magnet School,150162990252739,29211,0,1,2,,1
4980,610086,Mount Vernon,Mount Vernon Elementary School,Mount Vernon Elem School,150162990252362,24601,0,1,2,,1
4990,610087,Blair,Blair Early Childhood Center,Blair Early Childhood Center,150162990253761,30071,0,1,2,,5
5000,610088,Mozart,Wolfgang A Mozart Elementary School,Mozart Elem School,150162990252363,24611,0,1,2,,1
5020,610089,Murphy,John B Murphy Elementary School,Murphy Elem School,150162990252365,24621,0,1,2,,1
5030,610090,Murray,Phillip Murray Elementary Language Academy,Murray Elem Language Academy,150162990252366,29221,0,1,2,,1
5040,610091,"Brown, R",Ronald Brown Elementary Community Academy,Brown  R Elem Community Acad,150162990252367,24631,0,1,2,,1
5050,610092,Nash,Henry H Nash Elementary School,Nash Elem School,150162990252368,24641,0,1,2,,1
5060,610093,Neil,Jane A Neil Elementary School,Neil Elem School,150162990252369,24651,0,1,2,,1
5070,610094,Nettelhorst,Louis Nettelhorst Elementary School,Nettelhorst Elem School,150162990252370,24661,0,1,2,,1
5080,610095,Newberry,Walter L Newberry Math & Science Academy ES,Newberry Elem Math & Science Acad,150162990252371,29231,0,1,2,,1
5090,610096,Nightingale,Florence Nightingale Elementary School,Nightingale Elem School,150162990252373,24671,0,1,2,,1
5100,610097,Nixon,William P Nixon Elementary School,Nixon Elem School,150162990252374,24681,0,1,2,,1
5110,610098,Nobel,Alfred Nobel Elementary School,Nobel Elem School,150162990252375,24691,0,1,2,,1
5120,610099,Norwood Park,Norwood Park Elementary School,Norwood Park Elem School,150162990252376,24711,0,1,2,,1
5130,400074,Shabazz Chtr - Sizemore,Betty Shabazz Intl Charter - Barbara A Sizemore,Shabazz International Chrtr Schls,15016299025203C,66401,0,1,1,1,2
5140,610100,West Park,West Park Elementary Academy,West Park Elem Academy,150162990252908,24721,0,1,2,,1
5150,610101,Ogden,William B Ogden Elementary School,Ogden Elem School,150162990252380,24731,0,1,2,,1
5170,610102,Oglesby,Richard J Oglesby Elementary School,Oglesby Elem School,150162990252381,24741,0,1,2,,1
5180,610103,O'keeffe,Isabelle C O'Keeffe Elementary School,O'Keeffe Elem School,150162990252382,24751,0,1,2,,1
5190,610104,Onahan,William J Onahan Elementary School,Onahan Elem School,150162990252383,24761,0,1,2,,1
5200,610105,Oriole Park,Oriole Park Elementary School,Oriole Park Elem School,150162990252384,24771,0,1,2,,1
5210,610106,Piccolo,Brian Piccolo Elementary Specialty School,Piccolo Elem Specialty School,150162990252385,24781,0,1,2,,1
5220,610107,Otis,James Otis Elementary School,Otis Elem School,150162990252386,24791,0,1,2,,1
5230,610108,O'toole,Luke O'Toole Elementary School,O'Toole Elem School,150162990252387,24801,0,1,2,,1
5240,610109,Owen,William Bishop Owen Scholastic Academy ES,Owen Elem Scholastic Academy,150162990252389,29241,0,1,2,,1
5250,610110,"Wells, I",Ida B Wells Preparatory Elementary Academy,Wells Preparatory Elem Academy,150162990252902,24811,0,1,2,,1
5260,610111,Palmer,John Palmer Elementary School,Palmer Elem School,150162990252391,24821,0,1,2,,1
5270,610112,Parker,Francis W Parker Elementary Community Academy,Parker Elem Community Academy,150162990252392,31181,0,1,2,,1
5290,610115,Park Manor,Park Manor Elementary School,Park Manor Elem School,150162990252394,24841,0,1,2,,1
5300,610116,Parkside,Parkside Elementary Community Academy,Parkside Elem Community Academy,150162990252395,31201,0,1,2,,1
5310,610117,Pasteur,Louis Pasteur Elementary School,Pasteur Elem School,150162990252396,24851,0,1,2,,1
5340,610120,Peck,Ferdinand Peck Elementary School,Peck Elem School,150162990252398,24871,0,1,2,,1
5350,610121,Irving,Washington Irving Elementary School,Irving Elem School,150162990252281,24881,0,1,2,,1
5360,610122,Peirce,Helen Peirce International Studies ES,Peirce Elem Intl Studies School,150162990252399,24891,0,1,2,,1
5370,610123,Penn,William Penn Elementary School,Penn Elem School,150162990252400,24911,0,1,2,,1
5380,610124,"Washington, H",Harold Washington Elementary School,Washington  H Elem School,150162990252401,24921,0,1,2,,1
5390,610125,Ruiz,Irma C Ruiz Elementary School,Ruiz Elem School,150162990252867,24931,0,1,2,,1
5400,610126,Pershing,John J Pershing Elementary Humanities Magnet,Pershing Elem Humanities Magnet,150162990252402,29251,0,1,2,,1
5410,610127,Peterson,Mary Gage Peterson Elementary School,Peterson Elem School,150162990252403,24941,0,1,2,,1
5420,610128,Garvey,Marcus Moziah Garvey Elementary School,Garvey  M Elem School,150162990252773,24951,0,1,2,,1
5430,610129,Pickard,Josiah Pickard Elementary School,Pickard Elem School,150162990252404,24961,0,1,2,,1
5440,610130,Pirie,John T Pirie Fine Arts & Academic Center ES,Pirie Elem Fine Arts & Academic C,150162990252405,24971,0,1,2,,1
5450,610131,Plamondon,Ambrose Plamondon Elementary School,Plamondon Elem School,150162990252406,24981,0,1,2,,1
5460,610132,Poe,Edgar Allan Poe Elementary Classical School,Poe Elem Classical School,150162990252809,29261,0,1,2,,1
5470,610133,"Ward, L",Laura S Ward Elementary School,Ward  L Elem School,150162990252767,24991,0,1,2,,1
5490,610135,Portage Park,Portage Park Elementary School,Portage Park Elem School,150162990252409,25011,0,1,2,,1
5500,610136,Prescott,William H Prescott Elementary School,Prescott Elem School,150162990252410,25021,0,1,2,,1
5510,610137,Prussing,Ernst Prussing Elementary School,Prussing Elem School,150162990252412,25031,0,1,2,,1
5520,610138,Pulaski,Pulaski International School of Chicago,Pulaski Intl School,150162990252413,31211,0,1,2,,1
5530,610139,Pullman,George M Pullman Elementary School,Pullman Elem School,150162990252414,25041,0,1,2,,1
5550,610141,Ravenswood,Ravenswood Elementary School,Ravenswood Elem School,150162990252416,25061,0,1,2,,1
5560,610142,Ray,William H Ray Elementary School,Ray Elem School,150162990252417,25071,0,1,2,,1
5580,610143,Reavis,William C Reavis Math & Science Specialty ES,Reavis Elem Math & Sci Spec Schl,150162990252419,25091,0,1,2,,1
5590,610144,Reilly,Frank W Reilly Elementary School,Reilly Elem School,150162990252421,25101,0,1,2,,1
5600,610145,Reinberg,Peter A Reinberg Elementary School,Reinberg Elem School,150162990252422,25111,0,1,2,,1
5610,610146,Revere,Paul Revere Elementary School,Revere Elem School,150162990252423,25121,0,1,2,,1
5630,610147,Rogers,Philip Rogers Elementary School,Rogers Elem School,150162990252426,25141,0,1,2,,1
5640,610148,Chavez,Cesar E Chavez Multicultural Academic Center ES,Chavez Elem Multicultural Acad Ct,150162990252886,25151,0,1,2,,1
5660,610152,Ruggles,Martha Ruggles Elementary School,Ruggles Elem School,150162990252428,25181,0,1,2,,1
5670,610153,Ryder,William H Ryder Math & Science Specialty ES,Ryder Elem Math & Sci Spec School,150162990252429,25191,0,1,2,,1
5690,610155,Sauganash,Sauganash Elementary School,Sauganash Elem School,150162990252434,25211,0,1,2,,1
5710,610157,Sawyer,Sidney Sawyer Elementary School,Sawyer Elem School,150162990252435,25231,0,1,2,,1
5720,610158,Sayre,Harriet E Sayre Elementary Language Academy,Sayre Elem Language Academy,150162990252436,29271,0,1,2,,1
5730,610159,Scammon,Jonathan Y Scammon Elementary School,Scammon Elem School,150162990252438,25241,0,1,2,,1
5770,610163,Stock,Frederick Stock Elementary School,Stock Early Childhood Center,150162990253762,30081,0,1,2,,5
5780,400039,Erie Chtr Campus,Erie Elementary Charter School,Erie Elem Charter School,15016299025219C,66331,0,1,1,3,2
5800,610165,Schubert,Franz Peter Schubert Elementary School,Schubert Elem School,150162990252444,25291,0,1,2,,1
5810,400083,Uno Chtr - Paz,UNO Charter - Octavio Paz Campus,Uno Network Elem Charter School,15016299025205C,66131,0,1,1,1,2
5820,610167,Seward,William H Seward Communication Arts Academy ES,Seward Elem Communication Arts Ac,150162990252446,25301,0,1,2,,1
5840,400041,Galapagos Chtr Campus,Galapagos Elementary Charter School,Galapagos Elem Charter School,15016299025220C,66341,0,1,1,3,2
5850,610503,Frazier Prospective,Frazier Prospective IB Magnet ES,Frazier Intl Magnet Elem School,150162990252945,29411,0,1,2,,1
5860,610170,Columbia Explorers,Columbia Explorers Elementary Academy,Columbia Explorers Elem Academy,150162990252919,20071,0,1,2,,1
5870,400049,Legacy Chtr Campus,Legacy Charter Elementary School,Legacy Elem Charter School,15016299025221C,67071,0,1,1,3,2
5880,610171,Mireles,Arnold Mireles Elementary Academy,Mireles Elem Academy,150162990252452,25331,0,1,2,,1
5890,610172,Sherman,William T Sherman Elementary School,Sherman Elem School,150162990252453,25341,0,1,2,,1
5900,610173,Sherwood,Jesse Sherwood Elementary School,Sherwood Elem School,150162990252454,25351,0,1,2,,1
5910,610174,Shields,James Shields Elementary School,Shields Elem School,150162990252455,25361,0,1,2,,1
5920,610175,Shoesmith,Beulah Shoesmith Elementary School,Shoesmith Elem School,150162990252456,25371,0,1,2,,1
5930,610176,Shoop,John D Shoop Math-Science Technical Academy ES,Shoop Math-Sci Tech Elem Academy,150162990252457,25381,0,1,2,,1
5940,610177,Skinner,Mark Skinner Elementary School,Skinner Elem School,150162990252458,29281,0,1,2,,1
5950,610178,Schmid,Theophilus Schmid Elementary School,Schmid Elem School,150162990252442,25391,0,1,2,,1
5960,610179,Smyser,Washington D Smyser Elementary School,Smyser Elem School,150162990252459,25401,0,1,2,,1
5970,610180,Smyth,John M Smyth Elementary School,Smyth  J Elem School,150162990252460,25411,0,1,2,,1
5980,610182,Solomon,Hannah G Solomon Elementary School,Solomon Elem School,150162990252461,25431,0,1,2,,1
6000,610183,Spencer Tech Acad,Spencer Technology Academy,Spencer Technology Acad Elem Sch,150162990252462,25441,0,1,2,,1
6010,610184,Spry,John Spry Elementary Community School,Spry Elem Community School,150162990252469,25451,0,1,2,,1
6030,610185,Stevenson,Adlai E Stevenson Elementary School,Stevenson Elem School,150162990252465,25471,0,1,2,,1
6050,610188,Dunne Tech Acad,Dunne Technology Academy,Dunne Technology Acad Elem Sch,150162990252177,25491,0,1,2,,1
6070,610191,Stone,Stone Elementary Scholastic Academy,Stone Elem Scholastic Academy,150162990252468,29291,0,1,2,,1
6080,610192,Stowe,Harriet Beecher Stowe Elementary School,Stowe Elem School,150162990252472,25521,0,1,2,,1
6100,610193,New Sullivan,William K New Sullivan Elementary School,Sullivan Elem School,150162990252474,25541,0,1,2,,1
6110,610194,Sumner,Charles Sumner  Math & Science Community Acad ES,Sumner Elem Math & Sci Comm Acad,150162990252475,31221,0,1,2,,1
6120,610195,Sutherland,Elizabeth H Sutherland Elementary School,Sutherland Elem School,150162990252476,25561,0,1,2,,1
6130,610196,Swift,George B Swift Elementary Specialty School,Swift Elem Specialty School,150162990252477,25571,0,1,2,,1
6140,610197,Talcott,Mancel Talcott Elementary School,Talcott Elem School,150162990252478,25581,0,1,2,,1
6150,610198,Taylor,Douglas Taylor Elementary School,Taylor Elem School,150162990252480,25591,0,1,2,,1
6170,610199,Colemon,Johnnie Colemon Elementary Academy,Colemon  J Elem Academy,150162990252918,26751,0,1,2,,1
6180,610200,"Thorp, J",James N Thorp Elementary School,Thorp  J N Elem School,150162990252484,25601,0,1,2,,1
6190,610201,"Thorp, O",Ole A Thorp Elementary Scholastic Academy,Thorp  O A Elem Scholastic Acad,150162990252486,29301,0,1,2,,1
6210,610202,Tilton,George W Tilton Elementary School,Tilton Elem School,150162990252487,25621,0,1,2,,1
6220,610203,Tonti,Enrico Tonti Elementary School,Tonti Elem School,150162990252488,25631,0,1,2,,1
6240,610206,Twain,Mark Twain Elementary School,Twain Elem School,150162990252490,25661,0,1,2,,1
6250,610207,Vanderpoel,John H Vanderpoel Elementary Magnet School,Vanderpoel Elem Magnet School,150162990252491,29311,0,1,2,,1
6260,610208,Lavizzo,Mildred I Lavizzo Elementary School,Lavizzo Elem School,150162990252492,25671,0,1,2,,1
6270,610209,Volta,Alessandro Volta Elementary School,Volta Elem School,150162990252494,25681,0,1,2,,1
6290,610212,Albany Park,Albany Park Multicultural Academy,Albany Park Multicultural Elem,150162990252850,32011,0,2,2,,1
6300,610213,Wadsworth,James Wadsworth Elementary School,Wadsworth Elem School,150162990252498,25711,0,1,2,,1
6310,610215,Madero,Francisco I Madero Middle School,Madero Middle School,150162990252838,41041,0,2,2,,1
6320,610216,Walsh,John A Walsh Elementary School,Walsh Elem School,150162990252500,25731,0,1,2,,1
6330,610217,"Ward, J",James Ward Elementary School,Ward  J Elem School,150162990252501,25751,0,1,2,,1
6340,610405,Suder,Suder Montessori Magnet ES,Suder Montessori Elem Magnet Schl,150162990252941,26881,0,1,2,,1
6350,610218,Warren,Joseph Warren Elementary School,Warren Elem School,150162990252502,25761,0,1,2,,1
6360,610219,"Washington, G",George Washington Elementary School,Washington  G Elem School,150162990252503,25771,0,1,2,,1
6370,610220,Waters,Thomas J Waters Elementary School,Waters Elem School,150162990252504,25781,0,1,2,,1
6380,610221,Webster,Daniel Webster Elementary School,Webster Elem School,150162990252505,25791,0,1,2,,1
6390,610223,Wentworth,Daniel S Wentworth Elementary School,Wentworth Elem School,150162990252506,25811,0,1,2,,1
6420,610225,Whistler,John Whistler Elementary School,Whistler Elem School,150162990252512,25831,0,1,2,,1
6430,610226,Sandoval,Socorro Sandoval Elementary School,Sandoval Elem School,150162990252914,26721,0,1,2,,1
6440,610227,Whitney,Eli Whitney Elementary School,Whitney Elem School,150162990252513,25841,0,1,2,,1
6450,610228,Whittier,John Greenleaf Whittier Elementary School,Whittier Elem School,150162990252514,25861,0,1,2,,1
6460,610229,Pritzker,A.N. Pritzker School,Pritzker Elem School,150162990252510,25871,0,1,2,,1
6470,610230,Wildwood,Wildwood Elementary School,Wildwood Elem School,150162990252516,25881,0,1,2,,1
6480,610231,National Teachers,National Teachers Elementary Academy,National Teachers Elem Academy,150162990252924,32031,0,1,2,,1
6510,610234,Yates,Richard Yates Elementary School,Yates Elem School,150162990252542,25911,0,1,2,,1
6520,610235,Young,Ella Flagg Young Elementary School,Young Elem School,150162990252525,25921,0,1,2,,1
6540,610237,Beethoven,Ludwig Van Beethoven Elementary School,Beethoven Elem School,150162990252079,25931,0,1,2,,1
6550,610238,Bond,Carrie Jacobs Bond Elementary School,Bond Elem School,150162990252088,25941,0,1,2,,1
6560,610239,Daley,Richard J Daley Elementary Academy,Daley Elem Academy,150162990252837,25951,0,1,2,,1
6580,400023,Cics - Avalon /so Shore,Chicago Intl Charter - Avalon / South Shore,Chicago International Charter,15016299025201C,66371,0,1,1,1,2
6600,610242,Brennemann,Joseph Brennemann Elementary School,Brennemann Elem School,150162990252093,25991,0,1,2,,1
6620,610244,Clark HS,Michele Clark Academic Prep Magnet High School,Clark Acad Prep Magnet High Schl,150162990250827,41051,0,3,2,,1
6630,610245,Douglass HS,Frederick A Douglass Academy High School,Douglass Academy High School,150162990250831,41061,0,3,2,,1
6650,400040,Frazier Chtr,Frazier Preparatory Academy Elementary School,Frazier Prep Acad Elem School,150162990252946,26901,0,1,1,3,2
6660,610246,Beasley,Edward Beasley Elementary Magnet Academic Center,Beasley Elem Magnet Academic Ctr,150162990252800,29321,0,1,2,,1
6670,610248,Chgo Acad ES,Chicago Academy Elementary School,Chicago Academy Elem School,150162990252920,45211,0,1,2,,1
6680,610249,Talman,Talman Elementary School,Talman Elem School,150162990252926,26781,0,1,2,,1
6700,400071,Providence Chtr - Bunche,Providence Englewood Charter - Bunche,Providence-Englewood Elem Charter,15016299025224C,66471,0,1,1,3,2
6710,610504,Thomas,Velma F Thomas Early Childhood Center,Thomas Early Childhood Center,150162990253787,26891,0,1,2,,5
6720,610250,Salazar,Rueben Salazar Elementary Bilingual Center,Salazar Elem Bilingual Center,150162990252706,30101,0,1,2,,1
6730,610251,Cather,Willa Cather Elementary School,Cather Elem School,150162990252127,26021,0,1,2,,1
6740,610252,Dett,Robert Nathaniel Dett Elementary School,Dett Elem School,150162990252154,26031,0,1,2,,1
6760,610254,Dvorak Tech Acad,Dvorak Technology Academy,Dvorak Technology Acad Elem Sch,150162990252179,26051,0,1,2,,1
6770,400046,Learn Chtr - Butler,LEARN Charter ES - Romano Butler Campus,Learn Elem Charter School,15016299025208C,66211,0,1,1,1,2
6775,400048,Learn Chtr - Excel,LEARN Charter ES - Excel,Learn Elem Charter School,15016299025208C,66561,0,1,1,1,2
6780,610256,Robinson,Jackie Robinson Elementary School,Robinson Elem School,150162990252724,26061,0,1,2,,1
6800,610257,Morton,Morton School of Excellence,Morton Elem Career Academy,150162990252844,26091,0,1,2,,1
6850,400060,Asian Human Services Chtr - Passages,Asian Human Services - Passages Charter School,Passages Elem Charter School,15016299025214C,66191,0,1,1,3,2
6860,610263,Dulles,John Foster Dulles Elementary School,Dulles Elem School,150162990252175,26141,0,1,2,,1
6900,610268,Ashe,Arthur R Ashe Elementary School,Ashe Elem School,150162990252437,26191,0,1,2,,1
6910,610269,Mccutcheon,John T McCutcheon Elementary School,Mccutcheon Elem School,150162990252344,26201,0,1,2,,1
6920,610271,Jensen,Jensen Elementary Scholastic Academy,Jensen Elem Scholastic Academy,150162990252288,29341,0,1,2,,1
6940,610274,Johnson,James Weldon Johnson Elementary School,Johnson Elem School,150162990252290,26231,0,1,2,,1
6950,610276,Mollison,Irvin C Mollison Elementary School,Mollison Elem School,150162990252354,26251,0,1,2,,1
6970,610279,Tanner,Henry O Tanner Elementary School,Tanner Elem School,150162990252479,26281,0,1,2,,1
6990,610402,Devry HS,DeVry University Advantage Academy HS,Devry Advantage Academy High Schl,150162990250832,46521,0,3,2,,1
7000,610521,"Davis, M",Sir Miles Davis Magnet Elementary Academy,"Davis, M Magnet Elem School",150162990252954,29391,0,1,2,,1
7010,610281,Powell,Adam Clayton Powell Paideia Community Academy ES,Powell Elem Paideia Comm Academy,150162990252785,26291,0,1,2,,1
7020,400018,Austin Bus & Entrp HS,Austin Business and Entrepreneurship Academy HS,Austin Bus & Entrepreneurship HS,150162990250839,66411,0,3,2,,1
7030,400086,Urban Prep Chtr - Englewood,Urban Prep Acad for Young Men Charter - Englewood,Urban Prep Chtr Acad Englewood HS,15016299025010C,66441,0,3,1,2,2
7040,610282,Mcnair,Ronald E McNair Elementary School,Mcnair Elem School,150162990252634,26301,0,1,2,,1
7060,610284,New Field,New Field Elementary School,New Field Elem School,150162990252930,22071,0,1,2,,1
7100,610287,Ashburn,Ashburn Community Elementary School,Ashburn Community Elem School,150162990252922,32081,0,1,2,,1
7110,610391,Lindblom HS,Robert Lindblom Math & Science Academy HS,Lindblom Math & Science Acad HS,150162990250833,46511,0,3,2,,1
7120,400030,Cics - West Belden,Chicago Intl Charter - West Belden,Chicago International Charter,15016299025201C,66221,0,1,1,1,2
7130,400024,Cics - Basil,Chicago Intl Charter - Basil,Chicago International Charter,15016299025201C,66231,0,1,1,1,2
7140,610390,Rickover HS,Hyman G Rickover Naval Academy High School,Rickover Naval Academy High Schl,150162990250828,45221,0,3,2,,1
7150,610290,Mays,Benjamin E Mays Elementary Academy,Mays Elem Academy,150162990252802,26321,0,1,2,,1
7160,610396,Tarkington,Tarkington School of Excellence ES,Tarkington Elem School,150162990252943,26791,0,1,2,,1
7170,610291,Lee,Richard Henry Lee Elementary School,Lee Elem School,150162990252703,26331,0,1,2,,1
7190,610293,Melody,Genevieve Melody Elementary School,Melody Elem School,150162990252352,26351,0,1,2,,1
7200,610380,"Williams, D",Daniel Hale Williams Prep School of Medicine,Williams Medical Prep High Sch,150162990250856,55161,0,3,2,,1
7210,610295,Higgins,Thomas J Higgins Elementary Community Academy,Higgins Elem Community Academy,150162990252266,31251,0,1,2,,1
7230,610297,School Of Leadrshp HS,High School of Leadership at South Shore,School of Leadership High School,150162990250806,55081,0,3,2,,1
7240,610298,Lenart,Lenart Elementary Regional Gifted Center,Lenart Elem Regional Gifted Ctr,150162990252856,29361,0,1,2,,1
7250,610299,Hinton,William A Hinton Elementary School,Hinton Elem School,150162990252267,26371,0,1,2,,1
7260,610300,Westcott,Oliver S Westcott Elementary School,Westcott Elem School,150162990252507,26381,0,1,2,,1
7270,610381,Bronzeville HS,Bronzeville Scholastic Academy High School,Bronzeville Scholastic HS,150162990250834,55191,0,3,2,,1
7310,610304,Phoenix Military HS,Phoenix Military Academy High School,Phoenix Military Academy HS,150162990250803,55011,0,3,2,,1
7320,610305,Leland,George Leland Elementary School,Leland Elem School,150162990252714,26391,0,1,2,,1
7350,610308,Rudolph,Wilma Rudolph Elementary Learning Center,Rudolph Elem Learning Center,150162990253735,30121,0,1,2,,5
7390,610312,Mcdowell,Mary E McDowell Elementary School,Mcdowell Elem School,150162990252737,26421,0,1,2,,1
7420,610313,Diego,Jose De Diego Elementary Community Academy,De Diego Elem Community Academy,150162990252825,31261,0,1,2,,1
7440,610315,White,Edward White Elementary Career Academy,White Elem Career Academy,150162990252729,26431,0,1,2,,1
7450,610316,Earhart,Amelia Earhart Options for Knowledge ES,Earhart Elem Opt for Knowl School,150162990252743,26441,0,1,2,,1
7470,610317,Brighton Park,Brighton Park Elementary School,Brighton Park Elem School,150162990252870,26451,0,1,2,,1
7490,610319,Evergreen,Evergreen Academy Middle School,Evergreen Academy Elem School,150162990252873,26461,0,2,2,,1
7520,610321,"Marshall, T",Thurgood Marshall Middle School,Marshall Middle School,150162990252882,41081,0,2,2,,1
7540,610323,Bowen HS,Bowen High School,Bowen High School,150162990250824,46491,0,3,2,,1
7560,610325,Logandale,Logandale Middle School,Logandale Middle School,150162990252881,41091,0,1,2,,1
7600,610383,Greater Lawndale HS,Greater Lawndale High School For Social Justice,School of Social Justice HS,150162990250835,55171,0,3,2,,1
7610,610329,Orozco,Orozco Fine Arts & Sciences Elementary School,Orozco Elem Fine Arts & Sciences,150162990252842,31281,0,1,2,,1
7630,610385,Multicultural Acad Scholarship,Multicultural Academy of Scholarship,Multicultural Acad of Scholarshp HS,150162990250836,55181,0,3,2,,1
7680,610384,Infinity HS,Infinity Math Science and Technology High School,Infinity Math  Science & Tech HS,150162990250837,55151,0,3,2,,1
7690,610334,Raby HS,Al Raby High School,Raby High School,150162990250826,46471,0,3,2,,1
7700,400036,Chicago Virtual Chtr Campus HS,Chicago Virtual Charter High School,Chicago Virtual Elem Charter Schl,15016299025225C,66481,0,3,1,3,2
7740,400034,Cics - Northtown,Chicago Intl Charter - Northtown,Chicago International Charter,15016299025201C,66241,0,3,1,1,2
7760,610339,Stagg,Amos Alonzo Stagg Elementary School,Stagg Elem School,150162990252464,26521,0,1,2,,1
7770,610340,Chgo Acad HS,Chicago Academy High School,Chicago Academy High School,150162990250820,46481,0,3,2,,1
7790,610342,Sabin,Albert R Sabin Elementary Magnet School,Sabin Elem Magnet School,150162990252828,29371,0,1,2,,1
7800,400015,Aspira Chtr - Ramirez HS,ASPIRA Charter - Mirta Ramirez Computer Science,Aspira Charter High School,15016299025008C,66251,0,3,1,1,2
7803,400013,Aspira Chtr - Early College HS,ASPIRA Charter - Early College,Aspira Charter High School,15016299025008C,66254,0,3,1,1,2
7810,400044,Kipp Ascend Chtr Campus,KIPP Ascend Academy Charter Elementary School,Kipp Ascend Elem Charter School,15016299025215C,66261,0,1,1,1,2
7820,610345,Woodson,Carter G Woodson South Elementary School,Woodson South Elem School,150162990252521,26541,0,1,2,,1
7830,610347,Claremont,Claremont Academy Elementary School,Claremont Academy Elem School,150162990252936,31301,0,1,2,,1
7860,610350,Black,Robert A Black Magnet Elementary School,Black Magnet Elem School,150162990252086,29381,0,1,2,,1
7870,610352,Durkin Park,Durkin Park Elementary School,Durkin Park Elem School,150162990252933,26831,0,1,2,,1
7880,610353,Calmeca,Calmeca Academy of Fine Arts and Dual Language,Calmeca Acad Elem School,150162990252934,26821,0,1,2,,1
7890,610354,North River,North River Elementary School,North River Elem School,150162990252935,26841,0,1,2,,1
7910,610355,Courtenay,Mary E Courtenay Elementary Language Arts Center,Courtenay Elem Language Arts Ctr,150162990252921,30141,0,1,2,,1
7920,400050,Namaste Chtr Campus,Namaste Charter Elementary School,Namaste Elem Charter School,15016299025218C,66271,0,1,1,3,2
7930,610357,Spry HS,Spry Community Links High School,Spry Community Links High School,150162990250818,46461,0,3,2,,1
7940,400035,Chgo Math & Sci Acad Campus HS,Chicago Math and Science Academy High School,Chicago Math & Sci Elem Charter,15016299025217C,66281,0,3,1,3,2
7950,400010,Ace Technical Chtr HS,"Architecture, Construction, and Engineering(ACE)Technical Charter School",Ace Technical Charter High School,15016299025009C,66291,0,3,1,3,2
7990,610362,Evers,Medgar Evers Elementary School,Evers Elem School,150162990252193,26591,0,1,2,,1
8000,610363,Disney,Walt Disney Magnet Elementary School,Disney Elem Magnet School,150162990252160,29401,0,1,2,,1
8010,610364,Dubois,William E B Dubois Elementary School,Dubois Elem School,150162990252173,26601,0,1,2,,1
8021,610532,Hernandez,Irene C. Hernandez Middle School for the Advancement of Science,Hernandez Middle School,150162990252597,22441,0,2,2,,1
8022,400091,Chicago Tech Academy,Chicago Technology Academy High School,Chicago Technology Academy HS,150162990250850,63091,0,3,3,,6
8023,610533,Prieto,Dr Jorge Prieto Math and Science,Prieto Math-Science Elem Sch,150162990252958,22581,0,1,2,,1
8024,610534,Skinner North,Skinner North,Skinner North Elem Sch,150162990252959,22591,0,1,2,,1
8026,400104,Instituto Acad Chtr Health,Instituto Health Sciences Career Academy HS,Instituto Health Science Acad HS,15016299025012C,63131,0,3,1,3,2
8027,400105,Urban Prep Chtr - Bronzeville,Urban Prep Academy for Young Men - Bronzeville,Urban Prep Chtr Acad Bronzeville HS,15016299025013C,66442,0,3,1,2,2
8028,400106,Noble Street Chtr - Johnson,Noble Street Charter School  Johnson HS,Noble Street Charter High School,15016299025006C,66148,0,3,1,1,2
8029,400107,Learn Chrt - So Chicago,LEARN  Charter School-South Chicago Campus,Learn Elem Charter School,15016299025208C,66563,0,1,1,1,2
8030,610366,Wacker,Charles H Wacker Elementary School,Wacker Elem School,150162990252497,26621,0,1,2,,1
8035,610524,Alcott HS,Alcott High School for the Humanities,Alcott Humanities High School,150162990250849,22041,0,3,2,,1
8040,610520,Lasalle Ii,LaSalle II Magnet Elementary School,LaSalle II Lang Acad Elem School,150162990252955,29101,0,1,2,,1
8045,610515,Disney Ii,Disney II Magnet School,Disney II Elem Schools,150162990252949,26921,0,1,2,,1
8047,400022,Chgo Arts Contr HS,Chicago High School for the Arts,Chicago HS for the Arts,150162990250851,63051,0,3,3,,6
8049,400092,Cics - Lloyd Bond,Chicago Intl Charter - Lloyd Bond,Chicago International Charter,15016299025201C,66076,0,1,1,1,2
8050,610367,De Priest,Oscar DePriest Elementary School,Depriest Elem School,150162990252605,26631,0,1,2,,1
8053,400093,Chgo Talent Chtr HS,Chicago Talent Development HS,Chicago Talent Dev High School,15016299025014C,63111,0,3,1,3,2
8058,400094,Epic Chtr HS,EPIC Academy High School,EPIC Academy High School,15016299025015C,63081,0,3,1,3,2
8060,610368,"Hughes, L",Langston Hughes Elementary School,Hughes L Elem School,150162990252620,22451,0,1,2,,1
8067,400043,Hope Contr ES,Hope Institute Learning Academy,Hope Inst Learning Acad ES,150162990252961,63031,0,1,3,,6
8072,400047,Learn Chtr - Campbell,LEARN Charter ES - Charles and Dorothy Campbell,Learn Elem Charter School,15016299025208C,66562,0,1,1,1,2
8077,400096,Rowe,Rowe Elementary School,Rowe Elementary,15016299025230C,66571,0,1,1,3,2
8078,400097,Noble Street Chtr - Chgo Bulls,Noble Street Charter - Chicago Bulls College,Noble Street Charter High School,15016299025006C,66572,0,3,1,1,2
8079,400098,Noble Street Chtr - Muchin,Noble Street Charter - Muchin College Prep,Noble Street Charter High School,15016299025006C,66573,0,3,1,1,2
8080,610506,Team HS,TEAM Englewood Community Academy High School,Team Englewood Comm Acad HS,150162990250843,49161,0,3,2,,1
8083,610529,Ogden HS,Ogden International High School,Ogden Int High School,150162990250855,24731,0,3,2,,1
8090,610369,"Jackson, M",Mahalia Jackson Elementary School,Jackson  M Elem School,150162990252046,26651,0,1,2,,1
8093,400114,Uno Chtr - St Marks,UNO Charter Elementary School St Marks,UNO Network Charter School,15016299025205C,66601,0,1,1,1,2
8094,400101,Uno Chtr  - Sandra Cisneros,UNO Charter - Sandra Cisneros,UNO Acad Elem School,15016299025205C,66398,0,1,1,1,2
8096,400102,Urban Prep Chtr - West,Urban Prep Academy for Young Men - West,Urban Prep Chtr Acad West Campus HS,15016299025016C,63071,0,3,1,2,2
8110,400108,Cics - Hawkins,Chicago Intl Charter - Larry Hawkins,Chicago International Charter,15016299025201C,66077,0,3,1,1,2
8330,610541,Lorca,Federico Garcia Lorca Elementary School,Garcia Lorca Elementary School,150162990252964,22341,0,1,2,,1
8440,610542,West Ridge,West Ridge Elementary School,West Ridge Elementary School,150162990252965,22381,0,1,2,,1
8550,610543,Solorio HS,Eric Solorio Academy High School,Zaragoza High School,150162990250859,46101,0,3,2,,1
8600,610539,Camras,Marvin Camras Elementary School,Camras Elementary School,150162990252963,22691,0,1,2,,1
8660,610544,Azuela,Mariano Azuela Elementary School,Azuela Elementary School,150162990252966,22921,0,1,2,,1
8670,400109,Prologue-johnston Chtr HS,Prologue-Joshua Johnston Charter School,Prologue - Johnston Fine Arts HS,15016299025017C,66581,1,3,1,3,7
8671,400112,Uno Chtr - 51st - Homan,UNO 51st and Homan Charter Elementary School,UNO Network Charter School,15016299025205C,66399,0,1,1,1,2
8672,400113,Chicago Quest North,Chicago Intl Charter - Chicago Quest North,Chicago International Charter,15016299025201C,66651,0,3,1,1,2
8676,610547,South Shore Intl HS,South Shore Intl College Prep High School,South Shore Intl Col Prep HS,150162990250860,46631,0,3,2,,1
8677,400111,Learn Chtr - Hunter Perkins,LEARN Charter School - Hunter Perkins,Learn Elem Charter School,15016299025208C,66564,0,1,1,1,2
8678,610548,Stem ES,STEM Magnet Academy,STEM Magnet Academy Elem,150162990252967,22711,0,1,2,,1
8685,610555,Banner Academy West HS,Banner Academy West,Banner West Academy HS,150162990253793,66301,1,3,2,,8
8687,610557,Pathways Education HS,Pathways in Education,Pathways in Education HS,150162990253794,66301,1,3,2,,8
9032,400115,Catalyst Chtr - Maria,Catalyst-Maria Charter School,Catalyst Maria Charter School,15016299025232C,66433,0,1,1,2,2
9033,400116,Montessori Chtr - Englewood,The Montessori School of Englewood Charter,Montessori of Englewood Elem Chrt,15016299025233C,66591,0,1,1,3,2
9034,400117,Noble Street Chtr - Silver HS,Noble Street Charter School - Silver,Noble Street Charter High School,15016299025006C,66574,0,3,1,1,2
9035,400118,Noble Street Chtr - Purple,Noble Street Charter School - Purple,Noble Street Charter High School,15016299025006C,66575,0,3,1,1,2
9036,400119,Legal Prep Chtr - Academy,Legal Prep Charter Academy,Legal Prep Academy Charter HS,15016299025019C,66641,0,3,1,3,2
9038,400121,Uno Chtr - Northside,UNO Charter - Rogers Park ES,UNO Network Charter Schools,15016299025205C,66134,0,1,1,1,2
9040,400123,Yccs Chtr - Community Service,YCCS-Academy of Scholastic Achievement HS,Youth Connections Charter HS,15016299025004C,66106,1,3,1,1,9
9041,400124,Yccs Chtr - Mckinley,YCCS-Ada S. McKinley-Lakeside HS,Youth Connections Charter HS,15016299025004C,66107,1,3,1,1,9
9042,400125,Yccs Chtr - Aspira Pantoja,"YCCS-ASPIRA,Antonia Pantoja Alternative HS",Youth Connections Charter HS,15016299025004C,66108,1,3,1,1,9
9043,400126,Yccs Chtr - Association House,"YCCS-Association House, El Cuarto Ano HS",Youth Connections Charter HS,15016299025004C,66109,1,3,1,1,9
9044,400127,Yccs Chtr - Austin Career,YCCS-Austin Career Education Center HS,Youth Connections Charter HS,15016299025004C,66611,1,3,1,1,9
9045,400128,Yccs Chtr - Cca Academy,YCCS-CCA Academy HS,Youth Connections Charter HS,15016299025004C,66612,1,3,1,1,9
9046,400129,Yccs Chtr - Houston,YCCS-Charles Hamilton Houston Alternative HS,Youth Connections Charter HS,15016299025004C,66613,1,3,1,1,9
9047,400130,Yccs Chtr - Youth Development,YCCS-Community Youth Development Institute HS,Youth Connections Charter HS,15016299025004C,66614,1,3,1,1,9
9051,400134,Yccs Chtr - Addams,YCCS-Jane Addams Alternative HS,Youth Connections Charter HS,15016299025004C,66618,1,3,1,1,9
9052,400135,Yccs Chtr - Latino Youth,YCCS-Latino Youth Alternative HS,Youth Connections Charter HS,15016299025004C,66619,1,3,1,1,9
9053,400136,Yccs Chtr - Olive Harvey,YCCS-Olive Harvey Middle College HS,Youth Connections Charter HS,15016299025004C,66621,1,3,1,1,9
9054,400137,Little Black Pearl,Little Black Pearl Art and Design Academy,Youth Connections Charter HS,15016299025004C,66622,1,3,3,,4
9056,400139,Yccs Chtr - Sullivan,YCCS-Sullivan House Alternative HS,Youth Connections Charter HS,15016299025004C,66623,1,3,1,1,9
9058,400141,Yccs Chtr - Truman,YCCS-Truman Middle College HS,Youth Connections Charter HS,15016299025004C,66625,1,3,1,1,9
9059,400142,Yccs Chtr - Virtual,YCCS-Virtual HS,Youth Connections Charter HS,15016299025004C,66626,1,3,1,1,9
9062,400145,Yccs Chtr - Community Academy,YCCS-Youth Connection Leadership Academy HS,Youth Connections Charter HS,15016299025004C,66629,1,3,1,1,9
9065,400148,Instituto Justice Chtr Acad,Instituto Justice and Leadership Acad Charter HS,IJLA Charter High School,15016299025020C,63132,1,3,1,4,10
9066,400147,Chicago Excel Contr Acad,Chicago Excel Academy,Chicago Excel Acad,150162990250862,63141,1,3,3,,4
9597,610559,Shields Middle,James Shields Middle School,Shields Middle School,150162990252968,27091,0,1,2,,1
9598,610558,Goode Acad HS,Sarah E. Goode STEM Academy,Goode STEM Academy HS,150162990250861,46611,0,3,2,,1
9599,400150,Yccs Chtr - Chatham,YCCS-Chatham Academy HS,Youth Connections Charter HS,15016299025004C,66631,1,3,1,1,9
9600,400120,Uno Chtr - Near West,UNO Charter - Near West Elementary,UNO Network Charter Schools,15016299025205C,66133,0,1,1,1,2
9601,400131,Yccs Chtr - Campos,YCCS-Dr. Pedro Albizu Campos Puerto Rican HS,Youth Connections Charter HS,15016299025004C,66615,1,3,1,1,9
9602,400133,Yccs Chtr - Innovations,YCCS-Innovations of Arts Integration HS,Youth Connections Charter HS,15016299025004C,66617,1,3,1,1,9
9603,400143,Yccs Chtr - West Town,YCCS-West Town Academy Alternative HS,Youth Connections Charter HS,15016299025004C,66627,1,3,1,1,9
9604,400144,Yccs Chtr - Westside Holistic,YCCS-Westside Holistic Leadership Academy HS,Youth Connections Charter HS,15016299025004C,66628,1,3,1,1,9
9605,400146,Kipp Create,KIPP Charter Create,KIPP Charter Create School,15016299025234C,66031,0,1,1,1,2
9608,400151,Learn Chtr - 7,Learn Charter 7 ES,,,,0,1,1,1,2
9610,400153,Uno Chtr - Immaculate Conception,UNO Charter 15 ES,,,,0,1,1,1,2
9613,400156,Noble Street Chtr - Pullman College Prep,Noble Street Charter  Crimson HS,,,,0,3,1,1,2
9614,400157,Noble Street Chtr - Baker College Prep,Noble Street Charter Orange HS,,,,0,3,1,1,2
9616,400159,Christopher House Chtr School,Christopher Charter House ES,,,,0,3,1,3,2
9618,,Chicago Collegiate Chtr School,Chicago Charter Collegiate HS,,,,0,1,1,,2
9619,400162,Intrinsic Schools,Intrinsic Charter HS,,,,0,3,1,3,2
9621,610561,Crane Medical Prep,Richard T Crane Medical Preparatory HS,,,46641,0,3,2,,1
9623,610563,Back Of The Yards Ib HS,Back of the Yards IB HS,,,46551,0,3,2,,1
9626,,Disney Ii HS,Disney II Magnet High School,,,26921,0,3,2,,1
9627,400163,Kipp Bloom Chtr Campus,KIPP Charter Bloom,,,,0,2,1,1,2
9628,,Lozano Leadership Academy - Mastery Campus,Instituto Charter Rudy Lozano - RLLAM,,,,1,3,1,,10
9629,400165,Learn Chtr - Middle,LEARN Charter - Middle School Campus,,,,0,2,1,1,2
9630,610565,Camelot - Excel Academy Of Englewood,Excel Academy of Englewood,,,,1,3,3,,4
9631,610566,Bridgescape Academy Of North Lawndale,Magic Johnson Bridgescape Academy North Lawndale,,,,1,3,2,,8
9632,610567,Bridgescape Academy Of South Shore,Magic Johnson Bridgescape Academy South Shore,,,,1,3,2,,8
9633,610568,Pathways Education HS - Avondale,Pathways in Education Avondale,,,,1,3,2,,8
9634,610569,Ombudsman 1 HS,Ombudsman #1,,,,1,3,2,,8
9635,610570,Ombudsman 2 HS,Ombudsman #2,,,,1,3,2,,8
9636,610571,Ombudsman 3 HS,Ombudsman #3,,,,1,3,2,,8
9637,610572,Camelot - Safe School Program ES,Camelot Safe Academy Elementary,,,,1,3,2,,11
9638,610573,Camelot - Safe School Program HS,Camelot Safe Academy High School,,,,1,3,2,,11
9639,610574,"Mandela, W",Winnie Mandela High School,,,,1,3,2,,8
9640,400149,Uno Chtr - Soccer Academy,UNO Soccer Academy High School,,,,0,3,1,1,2
